,angle average,accept. rate,run time
chain 2,-0.3289513895138952,35.0,228.603
chain 1,-0.3353005196718636,34.0,228.326
chain 3,-0.3358858588585887,34.0,245.067
